"testcase_id","testcase_name","expected_hazard_id","model","simple_rag__ok","simple_rag__folder","simple_rag__predicted","simple_rag__correct","simple_rag__final","llm_only__ok","llm_only__folder","llm_only__predicted","llm_only__correct","llm_only__final"
"ATC1","AUTO_SEVERE_WINTER_CONDITIONS","hazards:Hazard_Severe_Winter_Conditions","gpt-oss-120b","True","scenario_runs_compare/20260224T085316Z/simple_rag/gpt-oss-120b/ATC1__AUTO_SEVERE_WINTER_CONDITIONS","hazards:Hazard_Severe_Weather","False","**Direct Answer**
```json
{""hazard_id"":""hazards:Hazard_Severe_Weather"",""label"":""Severe Weather"",""confidence"":0.92,""evidence"":[""[Knowledge:164 hazards:Hazard_Severe_Weather Severe Weather] LABEL: Severe Weather … Keywords: severe weather."",""Snippet shows multiple storm‑related event types (Hail, Tornado, Winter Storm) typical of severe weather records in the NOAA Storm Events Database.""] ,""notes"":""The record lists several high‑impact meteorological phenomena that are all encompassed by the generic ‘Severe Weather’ hazard class.""} 
```","True","scenario_runs_compare/20260224T085316Z/llm_only/gpt-oss-120b/ATC1__AUTO_SEVERE_WINTER_CONDITIONS","not specified","False","{""hazard_id"":""not specified"",""label"":""not specified"",""confidence"":0.0,""evidence"":[""[Knowledge:EVENT_ID,BEGIN_DATE_TIME,END_DATE_TIME,STATE,EVENT_TYPE,MAGNITUDE,MAGNITUDE_TYPE,BEGIN_LAT,BEGIN_LON,DEATHS_DIRECT,INJURIES_DIRECT,DAMAGE_PROPERTY,DAMAGE_CROPS\n1023456,2021-06-27 22:50:00,2021-6-29 23:20:00,IOWA,Hail,2.71,in,40.821,-98.749,0,0,0,0\n1023457,2021-6-28 01:12:00,2021-06-29 01:45:00,IOWA,Tornado,0,EF,41.74,-95.195,0,0,250000,0\n1023458,2021-02-15 03:00:00,2021-02-16 12:00:00,TEXAS,Winter Storm,0,,31.76,-99.90,0,0,5000000,0]""],""notes"":""not specified""}"
"ATC2","AUTO_CLOUD_SERVICE_OUTAGE_/_SYSTEMIC_CLOUD_DE","hazards:Hazard_Cloud_Service_Outage_Systemic_Cloud_Dependency_Failure","gpt-oss-120b","True","scenario_runs_compare/20260224T085316Z/simple_rag/gpt-oss-120b/ATC2__AUTO_CLOUD_SERVICE_OUTAGE___SYSTEMIC_CLOUD_DE","hazards:Hazard_Cloud_Service_Outage_Systemic_Cloud_Dependency_Failure","True","**Direct Answer**
```json
{""hazard_id"":""hazards:Hazard_Cloud_Service_Outage_Systemic_Cloud_Dependency_Failure"",""label"":""Cloud Service Outage / Systemic Cloud Dependency Failure"",""confidence"":0.97,""evidence"":[""[Knowledge:30 hazards:Hazard_Cloud_Service_Outage_Systemic_Cloud_Dependency_Failure ... Keywords: cloud provider outage; shared service dependency; multi-tenant platform failure; regional/AZ disruption]"",""Snippet shows a Compute Engine service disruption in a specific cloud region (europe‑west1) with SERVICE_DISRUPTION severity, matching a cloud provider outage scenario.""] ,""notes"":""Best match is the cloud service outage hazard.""}","True","scenario_runs_compare/20260224T085316Z/llm_only/gpt-oss-120b/ATC2__AUTO_CLOUD_SERVICE_OUTAGE___SYSTEMIC_CLOUD_DE","not specified","False","{""hazard_id"":""not specified"",""label"":""not specified"",""confidence"":0.0,""evidence"":[""[Snippet]""],""notes"":""Hazard classification mapping not provided in context""}"
"ATC3","AUTO_ARMED_CONFLICT","hazards:Hazard_Armed_Conflict","gpt-oss-120b","True","scenario_runs_compare/20260224T085316Z/simple_rag/gpt-oss-120b/ATC3__AUTO_ARMED_CONFLICT","hazards:Hazard_One_Sided_Violence_UCDP","False","**Direct Answer**
```json
{""hazard_id"":""hazards:Hazard_One_Sided_Violence_UCDP"",""label"":""One-sided Violence (UCDP)"",""confidence"":0.95,""evidence"":[""[Knowledge:138 hazards:Hazard_One_Sided_Violence_UCDP One-sided Violence (UCDP)] … Sample data: id,date_start,date_end,country,latitude,longitude,type_of_violence,side_a,side_b,best"",""The snippet shows columns id, date_start, date_end, country, latitude, longitude, type_of_violence, side_a, side_b, best with values matching the sample rows for one‑sided violence in the UCDP dataset.""],""notes"":""Matches conflict event data (type_of_violence=1) indicating one‑sided violence between government and Hamas.""}
```

**Justification**
- The snippet’s columns (`id,date_start,date_end,country,latitude,longitude,type_of_violence,side_a,side_b,best`) are identical to the sample rows listed for **Hazard_One_Sided_Violence_UCDP**【Knowledge:138…】.  
- `type_of_violence` is set to 1, which in UCDP denotes *one‑sided violence* (civilian targeting).  
- The actors (`Government of Israel` vs `Hamas`) and fatality counts align with the example rows provided for this hazard.  
- No other hazard cards describe this exact event‑level conflict format; broader categories like Armed Conflict or War are less specific.","True","scenario_runs_compare/20260224T085316Z/llm_only/gpt-oss-120b/ATC3__AUTO_ARMED_CONFLICT","not specified","False","{""hazard_id"":""not specified"",""label"":""not specified"",""confidence"":0.0,""evidence"":[""[Snippet]""],""notes"":""Hazard classification not provided in context""}"
"ATC4","AUTO_TANGANYIKA_LAUGHTER_EPIDEMIC","hazards:Hazard_Tanganyika_Laughter_Epidemic","gpt-oss-120b","True","scenario_runs_compare/20260224T085316Z/simple_rag/gpt-oss-120b/ATC4__AUTO_TANGANYIKA_LAUGHTER_EPIDEMIC","hazards:Hazard_Tanganyika_Laughter_Epidemic","True","**Direct Answer**
```json
{""hazard_id"":""hazards:Hazard_Tanganyika_Laughter_Epidemic"",""label"":""Tanganyika Laughter Epidemic"",""confidence"":0.99,""evidence"":[""[Knowledge:191 hazards:Hazard_Tanganyika_Laughter_Epidemic]"",""event_name,start_date,end_date,country,schools_affected,estimated_affected\n\""Tanganyika laughter epidemic\"",1962-01-30,1962-06-01,Tanzania,14,975""],""notes"":""Specific match to the Tanganyika Laughter Epidemic record""}
```

**Justification**
- The snippet lists an event named **“Tanganyika laughter epidemic”** with dates and location that exactly correspond to the entry for *Hazard_Tanganyika_Laughter_Epidemic* in the knowledge base. [Knowledge:191]  
- The same row appears as a sample data example under the Tanganyika Laughter Epidemic hazard, confirming it is the intended hazard card. [Knowledge:191]  
- While a generic *Mass Psychogenic Illness* hazard also exists, the specific naming and details make the dedicated Tanganyika Laughter Epidemic card the best fit. [Knowledge:125]","True","scenario_runs_compare/20260224T085316Z/llm_only/gpt-oss-120b/ATC4__AUTO_TANGANYIKA_LAUGHTER_EPIDEMIC","not specified","False","{""hazard_id"":""not specified"",""label"":""not specified"",""confidence"":0.0,""evidence"":[""[Knowledge: Tanganyika laughter epidemic]""],""notes"":""Hazard classification not provided in context""}"
"ATC5","AUTO_GNSS_DISRUPTION","hazards:Hazard_GNSS_Disruption_Jamming_Spoofing_Outage","gpt-oss-120b","True","scenario_runs_compare/20260224T085316Z/simple_rag/gpt-oss-120b/ATC5__AUTO_GNSS_DISRUPTION","hazards:Hazard_GNSS_Disruption_Jamming_Spoofing_Outage","True","**Direct Answer**
```json
{""hazard_id"":""hazards:Hazard_GNSS_Disruption_Jamming_Spoofing_Outage"",""label"":""GNSS Disruption"",""confidence"":0.93,""evidence"":[""[Snippet] NAVCEN-1 ... \""jamming suspected\"",\""loss_of_fix\"""",""[Snippet] NAVCEN-2 ... \""spoofing suspected\"",\""position_jump\"""",""[Knowledge:72] Keywords: GNSS jamming; GNSS spoofing; timing loss; navigation errors""],""notes"":""Intermittent GPS signal loss and sudden position jumps indicate GNSS disruption via jamming or spoofing.""}
```","True","scenario_runs_compare/20260224T085316Z/llm_only/gpt-oss-120b/ATC5__AUTO_GNSS_DISRUPTION","NAVCEN-1","False","{""hazard_id"":""NAVCEN-1"",""label"":""jamming suspected"",""confidence"":1.0,""evidence"":[""[Knowledge: NAVCEN-1,2025-04-03T19:22:00Z,36.85,28.27,maritime,\""jamming suspected\"",\""loss_of_fix\"",\""Intermittent GPS signal; reverted to inertial nav\""]""],""notes"":""Top-1 hazard based on first record""}"
"ATC6","AUTO_FLOOD","hazards:Hazard_Flood","gpt-oss-120b","True","scenario_runs_compare/20260224T085316Z/simple_rag/gpt-oss-120b/ATC6__AUTO_FLOOD","hazards:Hazard_Riverine_Flood","False","**Direct Answer**
```json
{""hazard_id"":""hazards:Hazard_Riverine_Flood"",""label"":""Riverine Flood"",""confidence"":0.92,""evidence"":[""[Knowledge:152 hazards:Hazard_Riverine_Flood] ... Sample data: site_no,date,mean_discharge_cfs,max_discharge_cfs,gage_height_ft"",""sample data for high water ... 5000 liters/minute/m2\nsite_no,ts_utc,discharge_cfs,gage_height_ft,qualifiers\n01646500,2025-9-29T12:00:00Z,27517,18.42,A""] ,""notes"":""Snippet shows river gauge discharge and stage data typical of Riverine Flood records.""}
```","True","scenario_runs_compare/20260224T085316Z/llm_only/gpt-oss-120b/ATC6__AUTO_FLOOD","not specified","False","{""hazard_id"":""not specified"",""label"":""not specified"",""confidence"":0.0,""evidence"":[""[Knowledge: sample data for high water ... 5000 liters/minute/m2]""],""notes"":""not specified""}"
"ATC7","AUTO_EXTRATERRESTRIAL_THREAT_(ASTEROID_IMPACT","hazards:Hazard_Extraterrestrial_Threat_Asteroid_Impact_Space_Weather","gpt-oss-120b","True","scenario_runs_compare/20260224T085316Z/simple_rag/gpt-oss-120b/ATC7__AUTO_EXTRATERRESTRIAL_THREAT__ASTEROID_IMPACT","hazards:Hazard_Extraterrestrial_Threat_Asteroid_Impact_Space_Weather","True","**Direct Answer**
```json
{""hazard_id"":""hazards:Hazard_Extraterrestrial_Threat_Asteroid_Impact_Space_Weather"",""label"":""Extraterrestrial Threat (Asteroid Impact/Space Weather)"",""confidence"":0.9,""evidence"":[""[Knowledge:59 hazards:Hazard_Extraterrestrial_Threat_Asteroid_Impact_Space_Weather] Keywords: asteroid impact; near-Earth object; space weather; solar storm. Sample data includes fireball/bolide event rows with datetime, lat, lon, altitude, velocity, and impact energy (kt)."",""[Knowledge:88 hazards:Hazard_Impact_Event] Caused by hazard(s): Impact event. Keywords: impact event. Sample data matches the fireball columns shown in the snippet.""],""notes"":""The snippet provides fireball/bolide observations (datetime, location, velocity, impact_energy) and asteroid‑impact risk metrics (Palermo/Torino scales), which are characteristic of an extraterrestrial asteroid impact threat.""} 
```","True","scenario_runs_compare/20260224T085316Z/llm_only/gpt-oss-120b/ATC7__AUTO_EXTRATERRESTRIAL_THREAT__ASTEROID_IMPACT","2024AB","False","{""hazard_id"":""2024AB"",""label"":""Torino Scale 0"",""confidence"":""not specified"",""evidence"":[""[Knowledge: designation=2024AB, Torino scale=0]""],""notes"":""Top hazard has Torino rating 0""}"
"ATC8","AUTO_CRITICAL_INFRASTRUCTURE_FAILURE","hazards:Hazard_Critical_Infrastructure_Failure","gpt-oss-120b","True","scenario_runs_compare/20260224T085316Z/simple_rag/gpt-oss-120b/ATC8__AUTO_CRITICAL_INFRASTRUCTURE_FAILURE","hazards:Hazard_Critical_Infrastructure_Failure","True","**Direct Answer**
```json
{""hazard_id"":""hazards:Hazard_Critical_Infrastructure_Failure"",""label"":""Critical Infrastructure Failure"",""confidence"":0.99,""evidence"":[""[Knowledge:37 hazards:Hazard_Critical_Infrastructure_Failure ... Sample data: OE417-2024-0156,2024-01-13T03:20Z,Transmission outage,\""TX,LA\"",210000,Yes"",""[Knowledge:37 hazards:Hazard_Critical_Infrastructure_Failure ... Keywords: infrastructure outage.""] ,""notes"":""Snippet describes a transmission outage affecting customers, matching the Critical Infrastructure Failure hazard.""}
```","True","scenario_runs_compare/20260224T085316Z/llm_only/gpt-oss-120b/ATC8__AUTO_CRITICAL_INFRASTRUCTURE_FAILURE","not specified","False","{""hazard_id"":""not specified"",""label"":""not specified"",""confidence"":0.0,""evidence"":[""[Knowledge:oe425_id,incident_start_utc,event_type,states_affected,customers_affected,major_system_impacts]""],""notes"":""Insufficient data""}"
"ATC9","AUTO_SURFACE_RUPTURE_/_FISSURING","hazards:Hazard_Surface_Rupture_Fissuring","gpt-oss-120b","True","scenario_runs_compare/20260224T085316Z/simple_rag/gpt-oss-120b/ATC9__AUTO_SURFACE_RUPTURE___FISSURING","Hazard_Surface_Rupture_Fissuring","True","**Direct Answer**
```json
{""hazard_id"":""hazards:Hazard_Surface_Rupture_Fissuring"",""label"":""Surface Rupture / Fissuring"",""confidence"":0.98,""evidence"":[""{\""type\"":\""Feature\"",\""properties\"":{\""feature_id\"":\""FR-1\"",\""feature_type\"":\""fault_rupture\"",\""displacement_m\"":1.2,\""observation_method\"":\""field_mapping\""}}"",""{\""type\"":\""Feature\"",\""properties\"":{\""feature_id\"":\""FR-002\"",\""feature_type\"":\""ground_fissure\"",\""displacement_m\"":0.3,\""observation_method\"":\""lidar\""}}""],""notes"":""Observed fault rupture and ground fissuring are classic manifestations of surface rupture/fissuring.""}
```","True","scenario_runs_compare/20260224T085316Z/llm_only/gpt-oss-120b/ATC9__AUTO_SURFACE_RUPTURE___FISSURING","not specified","False","{""hazard_id"":""not specified"",""label"":""not specified"",""confidence"":0.0,""evidence"":[""{\""type\"":\""Feature\"",\""properties\"":{\""feature_id\"":\""FR-1\"",\""feature_type\"":\""fault_rupture\"",\""displacement_m\"":1.2,\""observation_method\"":\""field_mapping\""},\""geometry\"":{\""type\"":\""LineString\"",\""coordinates\"":[[-117.827,35.70],[-117.48,35.744],[-117.46,33.878]]}}"",""{\""type\"":\""Feature\"",\""properties\"":{\""feature_id\"":\""FR-002\"",\""feature_type\"":\""ground_fissure\"",\""displacement_m\"":0.3,\""observation_method\"":\""lidar\""},\""geometry\"":{\""type\"":\""LineString\"",\""coordinates\"":[[-117.52,35.69],[-117.51,35.70],[-123.384,35.71]]}}""],""notes"":""not specified""}"
"ATC10","AUTO_CIVIL_UNREST","hazards:Hazard_Civil_Unrest","gpt-oss-120b","True","scenario_runs_compare/20260224T085316Z/simple_rag/gpt-oss-120b/ATC10__AUTO_CIVIL_UNREST","hazards:Hazard_Armed_Conflict","False","**Direct Answer**
```json
{""hazard_id"":""hazards:Hazard_Armed_Conflict"",""label"":""Armed Conflict"",""confidence"":0.9,""evidence"":[""[Knowledge:7 hazards:Hazard_Armed_Conflict Armed Conflict] … Sample data: id,date_start,date_end,country,latitude,longitude,type_of_violence,side_a,side_b,best"",""[Knowledge:138 hazards:Hazard_One_Sided_Violence_UCDP One-sided Violence (UCDP)] … Sample data: id,date_start,date_end,country,latitude,longitude,type_of_violence,side_a,side_b,best""],""notes"":""Snippet matches UCDP event‑level conflict dataset; best fit is the Armed Conflict hazard.""}","True","scenario_runs_compare/20260224T085316Z/llm_only/gpt-oss-120b/ATC10__AUTO_CIVIL_UNREST","not specified","False","{""hazard_id"":""not specified"",""label"":""not specified"",""confidence"":0.0,""evidence"":[""[Knowledge: SNIPPET]""],""notes"":""insufficient data""}"
"ATC11","AUTO_ST._ELMO'S_FIRE","hazards:Hazard_St_Elmos_Fire","gpt-oss-120b","True","scenario_runs_compare/20260224T085316Z/simple_rag/gpt-oss-120b/ATC11__AUTO_ST._ELMO_S_FIRE","hazards:Hazard_Lightning_Thunderstorms","False","**Direct Answer**
```json
{""hazard_id"":""hazards:Hazard_Lightning_Thunderstorms"",""label"":""Lightning/Thunderstorms"",""confidence"":0.9,""evidence"":[""[Snippet] station,valid_time_utc,metar,remarks\nKJFK,2024-09-12T02:51Z,\""KJFK 120251Z 4200G29KT 10SM -RA SCT19 BKN34 18/16 A2992\"",\""RMK AO2 LTG DSNT ALQDS\"""",""[Snippet] PHNL,2023-7-03T11:55Z,\""PHNL 32949Z 6973G32KT 3SM TSRA FEW13 BKN030 25/24 A2988\"",\""RMK TS OHD\"""",""[Knowledge] BM25_TEXT_EN for hazards:Hazard_Lightning_Thunderstorms: \""Keywords: lightning/thunderstorms.\""""] ,""notes"":""The METAR remarks explicitly mention distant lightning (LTG) and a thunderstorm (TSRA), which directly correspond to the Lightning/Thunderstorms hazard.""}","True","scenario_runs_compare/20260224T085316Z/llm_only/gpt-oss-120b/ATC11__AUTO_ST._ELMO_S_FIRE","not specified","False","{""hazard_id"":""not specified"",""label"":""not specified"",""confidence"":""not specified"",""evidence"":[""not specified""],""notes"":""Insufficient data""}"
"ATC12","AUTO_WILDFIRE","hazards:Hazard_Wildfire_General","gpt-oss-120b","True","scenario_runs_compare/20260224T085316Z/simple_rag/gpt-oss-120b/ATC12__AUTO_WILDFIRE","hazards:Hazard_Wildfire","False","**Direct Answer**
```json
{""hazard_id"":""hazards:Hazard_Wildfire"",""label"":""Wildfire"",""confidence"":0.99,""evidence"":[""[Knowledge:216 hazards:Hazard_Wildfire Wildfire] ... Sample data: latitude,longitude,acq_date,acq_time,satellite,confidence,frp"",""[Knowledge:68 hazards:Hazard_Forest_Fire Forest Fire] ... Sample data: latitude,longitude,acq_date,acq_time,satellite,confidence,frp""],""notes"":""Active‑fire satellite record matches the Wildfire hazard definition""}
```

**Justification**
- The snippet lists satellite fire detections (lat/long, date, time, confidence, FRP) – exactly the sample fields described for **Hazard_Wildfire**. 【Knowledge:216】  
- The same column structure appears in the **Forest Fire** entry, but that card is a narrower subtype; the general Wildfire card covers all fire types (wildfire, forest fire, bushfire). 【Knowledge:68】  
- No other hazard cards contain these fire‑radiative‑power fields, making Wildfire the clear top‑match.","True","scenario_runs_compare/20260224T085316Z/llm_only/gpt-oss-120b/ATC12__AUTO_WILDFIRE","not specified","False","{""hazard_id"":""not specified"",""label"":""not specified"",""confidence"":0.0,""evidence"":[""[Knowledge: not specified]""],""notes"":""not specified""}"
"ATC13","AUTO_PACIFIC_HEATWAVE","hazards:Hazard_Pacific_Heatwave","gpt-oss-120b","True","scenario_runs_compare/20260224T085316Z/simple_rag/gpt-oss-120b/ATC13__AUTO_PACIFIC_HEATWAVE","hazards:Hazard_Pacific_Heatwave","True","**Direct Answer**
```json
{""hazard_id"":""hazards:Hazard_Pacific_Heatwave"",""label"":""Pacific Heatwave"",""confidence"":0.9,""evidence"":[""[Knowledge:141 hazards:Hazard_Pacific_Heatwave Pacific Heatwave] BM25_TEXT_EN: ... Daily gridded sea‑surface temperature (SST) values ... Sample data: ts_utc,lat,lon,sst_c,anom_c"",""[Knowledge:120 hazards:Hazard_Marine_Heatwave Marine Heatwave] BM25_TEXT_EN: ... Daily gridded sea‑surface temperature (NOAA OISST) used to detect marine heatwaves ... Sample data: date,lat,lon,sst_c,mhw_category,mhw_intensity_c""] ,""notes"":""Snippet shows SST and anomaly values typical of a Pacific marine heatwave (The Blob).""} 
```","True","scenario_runs_compare/20260224T085316Z/llm_only/gpt-oss-120b/ATC13__AUTO_PACIFIC_HEATWAVE","not specified","False","{""hazard_id"":""not specified"",""label"":""not specified"",""confidence"":0.0,""evidence"":[""[Knowledge:SNIPPET]""],""notes"":""Hazard classification not provided in the given data""}"
"ATC14","AUTO_CHELYABINSK_METEOR","hazards:Hazard_Chelyabinsk_Meteor","gpt-oss-120b","True","scenario_runs_compare/20260224T085316Z/simple_rag/gpt-oss-120b/ATC14__AUTO_CHELYABINSK_METEOR","hazards:Hazard_Impact_Event","False","**Direct Answer**
```json
{""hazard_id"":""hazards:Hazard_Impact_Event"",""label"":""Impact Event"",""confidence"":0.96,""evidence"":[""[Knowledge:88 hazards:Hazard_Impact_Event Impact Event] BM25_TEXT_EN: Caused by hazard(s): Impact event... Sample data: datetime_utc,lat_deg,lon_deg,alt_km,vel_km_s,vx_km_s,vy_km_s,vz_km_s,impact_energy_kt"",""[Knowledge:197 hazards:Hazard_Tunguska_Event Tunguska Event] BM25_TEXT_EN: Caused by hazard(s): Impact event... Sample data: datetime_utc,lat_deg,lon_deg,alt_km,vel_km_s,...""],""notes"":""Snippet shows fireball/bolide observation fields (datetime, location, altitude, velocity, impact energy) matching the generic Impact Event dataset.""}","True","scenario_runs_compare/20260224T085316Z/llm_only/gpt-oss-120b/ATC14__AUTO_CHELYABINSK_METEOR","not specified","False","{""hazard_id"":""not specified"",""label"":""not specified"",""confidence"":0.0,""evidence"":[""[Knowledge: SNIPPET shows impact_energy_kt values 415.944 and 9.8 but provides no hazard classification mapping]""],""notes"":""insufficient data""}"
"ATC15","AUTO_ROCKFALL_(DRY)","hazards:Hazard_Rockfall_Dry","gpt-oss-120b","True","scenario_runs_compare/20260224T085316Z/simple_rag/gpt-oss-120b/ATC15__AUTO_ROCKFALL__DRY","hazards:Hazard_Rockfall_Dry","True","**Direct Answer**
```json
{""hazard_id"":""hazards:Hazard_Rockfall_Dry"",""label"":""Rockfall (Dry)"",""confidence"":0.95,""evidence"":[""[Snippet] event_id,event_date,country_name,landslide_type,trigger,road_closure,fatality_count\nGLC534,2019-06-14,USA,Rock fall,Earthquake,Yes,0"",""[Knowledge:153 hazards:Hazard_Rockfall_Dry] LABEL: Rockfall (Dry) ... Keywords: rockfall (dry). Causes include seismic triggers such as Earthquake.""] ,""notes"":""The record describes a rock‑fall event triggered by an earthquake, matching the dry‑rockfall hazard definition.""} 
```

**Justification**
- The snippet lists `landslide_type = Rock fall` with trigger `Earthquake`, a classic non‑rain (dry) trigger.  
- Hazard `Hazard_Rockfall_Dry` is defined as “Rockfall (Dry)” and explicitly mentions earthquake as a cause.【Knowledge:153】  
- While a generic “Mass Movement (Dry)” also covers rockfalls, the more specific Rockfall (Dry) card aligns directly with the event type.  
- No rain‑related trigger is present, so the wet‑rockfall hazard does not apply.  
- Therefore the best match is `hazards:Hazard_Rockfall_Dry`.","True","scenario_runs_compare/20260224T085316Z/llm_only/gpt-oss-120b/ATC15__AUTO_ROCKFALL__DRY","not specified","False","{""hazard_id"":""not specified"",""label"":""Rock fall"",""confidence"":1.0,""evidence"":[""[Knowledge:GLC534,Rock fall]"",""[Knowledge:GLC000511,Rock fall]""],""notes"":""Rock fall is the most frequent hazard type""}"
"ATC16","AUTO_LIGHT_POLLUTION","hazards:Hazard_Light_Pollution","gpt-oss-120b","True","scenario_runs_compare/20260224T085316Z/simple_rag/gpt-oss-120b/ATC16__AUTO_LIGHT_POLLUTION","hazards:Hazard_Light_Pollution","True","**Direct Answer**
```json
{""hazard_id"":""hazards:Hazard_Light_Pollution"",""label"":""Light pollution"",""confidence"":1.0,""evidence"":[""[Knowledge:110 hazards:Hazard_Light_Pollution Light pollution] BM25_TEXT_EN includes sample data with columns tile_id,date_yyyymm,avg_radiance_nW_cm2_sr,cloud_free_obs matching the snippet (e.g., 75N060W,202401,12.34,18)"",""[Knowledge:110 hazards:Hazard_Light_Pollution Light pollution] The dataset description references NOAA VIIRS Nighttime Lights (VNL) which provides radiance measurements per tile and month""],""notes"":""Snippet contains nighttime light radiance values per tile/month, directly matching the Light Pollution hazard data format.""}
```","True","scenario_runs_compare/20260224T085316Z/llm_only/gpt-oss-120b/ATC16__AUTO_LIGHT_POLLUTION","not specified","False","{""hazard_id"":""not specified"",""label"":""not specified"",""confidence"":0.0,""evidence"":[],""notes"":""Hazard classification not provided in context""}"
"ATC17","AUTO_ASH_RESUSPENSION_EVENT","hazards:Hazard_Ash_Resuspension_Event","gpt-oss-120b","True","scenario_runs_compare/20260224T085316Z/simple_rag/gpt-oss-120b/ATC17__AUTO_ASH_RESUSPENSION_EVENT","hazards:Hazard_Sand_Dust_Storm","False","**Direct Answer**
```json
{""hazard_id"":""hazards:Hazard_Sand_Dust_Storm"",""label"":""Sand/Dust Storm"",""confidence"":0.95,""evidence"":[""[Knowledge:160 hazards:Hazard_Sand_Dust_Storm Sand/Dust Storm]"",""time_utc,lat,lon,dust_aod_550,total_aod_561,so2_kg_m2\n2024-02-18T11:00Z,28.0,-15.0,0.65,0.80,0.00002""] ,""notes"":""Dust aerosol optical depth measurements are characteristic of sand/dust storm observations.""} 
```","True","scenario_runs_compare/20260224T085316Z/llm_only/gpt-oss-120b/ATC17__AUTO_ASH_RESUSPENSION_EVENT","not specified","False","{""hazard_id"":""not specified"",""label"":""not specified"",""confidence"":0.0,""evidence"":[],""notes"":""Insufficient data for hazard classification""}"
"ATC18","AUTO_ASH_FALL","hazards:Hazard_Ash_Fall","gpt-oss-120b","True","scenario_runs_compare/20260224T085316Z/simple_rag/gpt-oss-120b/ATC18__AUTO_ASH_FALL","hazards:Hazard_Volcanic_Activity_General","False","**Direct Answer**
```json
{""hazard_id"":""hazards:Hazard_Volcanic_Activity_General"",""label"":""Volcanic Activity (General)"",""confidence"":0.96,""evidence"":[""[Knowledge:205 hazards:Hazard_Volcanic_Activity_General]"",""Snippet showing volcano eruption table with columns volcano_number,volcano_name,start_date,end_date,vei,latitude,longitude""],""notes"":""The snippet lists generic volcanic eruption records, matching the general volcanic activity hazard.""}
```","True","scenario_runs_compare/20260224T085316Z/llm_only/gpt-oss-120b/ATC18__AUTO_ASH_FALL","not specified","False","{""hazard_id"":""not specified"",""label"":""not specified"",""confidence"":0.0,""evidence"":[""[Snippet: volcano_number,volcano_name,eruption_number,start_date,end_date,vei,latitude,longitude\n370049,Etna,12345,2021-02-16,2021-03-1,3,37.734,15.004\n271313,Nyiragongo,67890,2021-05-22,2021-05-23,2,-1.454,29.25]""],""notes"":""Hazard classification not provided in context""}"
"ATC19","AUTO_CHEMICAL_RELEASE","hazards:Hazard_ChemicalRelease","gpt-oss-120b","True","scenario_runs_compare/20260224T085316Z/simple_rag/gpt-oss-120b/ATC19__AUTO_CHEMICAL_RELEASE","Hazard_ChemicalRelease","True","**Direct Answer**
```json
{""hazard_id"":""hazards:Hazard_ChemicalRelease"",""label"":""Chemical release"",""confidence"":1.0,""evidence"":[""[Knowledge:25 hazards:Hazard_ChemicalRelease]""],""notes"":""The snippet mentions a generic chemical problem and the knowledge entry explicitly includes 'Sample data for Chemical problem' as its example.""```","True","scenario_runs_compare/20260224T085316Z/llm_only/gpt-oss-120b/ATC19__AUTO_CHEMICAL_RELEASE","not specified","False","{""hazard_id"":""not specified"",""label"":""not specified"",""confidence"":0.0,""evidence"":[],""notes"":""not specified""}"
"ATC20","AUTO_EXTRA-TROPICAL_STORM","hazards:Hazard_Extra_Tropical_Storm","gpt-oss-120b","True","scenario_runs_compare/20260224T085316Z/simple_rag/gpt-oss-120b/ATC20__AUTO_EXTRA-TROPICAL_STORM","hazards:Hazard_Storm_2","False","**Direct Answer**
```json
{""hazard_id"":""hazards:Hazard_Storm_2"",""label"":""Storm"",""confidence"":0.9,""evidence"":[""[Knowledge:179 hazards:Hazard_Storm_2 Storm] HAZARD_ID: hazards:Hazard_Storm_2 LABEL: Storm … Caused by hazard(s): Storm. Keywords: storm (general)."",""SNIPPET: ...EVENT_TYPE,Hail...EVENT_TYPE,Tornado...EVENT_TYPE,Winter Storm...""] ,""notes"":""The snippet lists multiple NOAA storm‑event records (hail, tornado, winter storm), all of which fall under the generic storm category.""}","True","scenario_runs_compare/20260224T085316Z/llm_only/gpt-oss-120b/ATC20__AUTO_EXTRA-TROPICAL_STORM","1023458","False","{""hazard_id"":""1023458"",""label"":""Winter Storm"",""confidence"":1.0,""evidence"":[""[Knowledge:1023458]""],""notes"":""Highest property damage""}"
"ATC21","AUTO_EXTREME_WEATHER","hazards:Hazard_Extreme_Weather","gpt-oss-120b","True","scenario_runs_compare/20260224T085316Z/simple_rag/gpt-oss-120b/ATC21__AUTO_EXTREME_WEATHER","hazards:Hazard_Tornado","False","**Direct Answer**
```json
{""hazard_id"":""hazards:Hazard_Tornado"",""label"":""Tornado"",""confidence"":0.9,""evidence"":[""[Snippet] 1070082,2021-6-29 01:12:00,2021-06-29 1:45:00,IOWA,Tornado,0,EF,41.74,-98.836,0,0,249207,0"",""[Knowledge:193 hazards:Hazard_Tornado Tornado]""] ,""notes"":""The snippet contains a record with EVENT_TYPE='Tornado', which directly matches the Tornado hazard definition.""}","True","scenario_runs_compare/20260224T085316Z/llm_only/gpt-oss-120b/ATC21__AUTO_EXTREME_WEATHER","not specified","False","{""hazard_id"":""not specified"",""label"":""not specified"",""confidence"":0.0,""evidence"":[""[Knowledge: not specified]""],""notes"":""not specified""}"
"ATC22","AUTO_NOCTURNAL_TORNADO","hazards:Hazard_Nocturnal_Tornado","gpt-oss-120b","True","scenario_runs_compare/20260224T085316Z/simple_rag/gpt-oss-120b/ATC22__AUTO_NOCTURNAL_TORNADO","hazards:Hazard_Storm","False","**Direct Answer**
```json
{""hazard_id"":""hazards:Hazard_Storm"",""label"":""Storm"",""confidence"":0.93,""evidence"":[""[Knowledge:179 hazards:Hazard_Storm Storm] HAZARD_ID: hazards:Hazard_Storm LABEL: Storm … Keywords: storm (general)."",""SNIPPET shows EVENT_TYPE values Hail, Tornado, Winter Storm – all sub‑types of a general storm event.""]} 
```","True","scenario_runs_compare/20260224T085316Z/llm_only/gpt-oss-120b/ATC22__AUTO_NOCTURNAL_TORNADO","not specified","False","{""hazard_id"":""not specified"",""label"":""not specified"",""confidence"":0.0,""evidence"":[],""notes"":""insufficient data""}"
"ATC23","AUTO_ROGUE_BLACK_HOLE","hazards:Hazard_Rogue_Black_Hole","gpt-oss-120b","True","scenario_runs_compare/20260224T085316Z/simple_rag/gpt-oss-120b/ATC23__AUTO_ROGUE_BLACK_HOLE","Hazard_Rogue_Planet","False","**Direct Answer**
```json
{""hazard_id"":""hazards:Hazard_Rogue_Planet"",""label"":""Rogue Planet"",""confidence"":0.6,""evidence"":[""[Knowledge:157 hazards:Hazard_Rogue_Planet ... GDR3-ML-001,266.416,-29.008,2459001.5,42.1,0.12,1.05]"",""[Knowledge:156 hazards:Hazard_Rogue_Black_Hole ... GDR3-ML-001,266.416,-29.008,2459001.5,42.1,0.12,1.05]""],""notes"":""Snippet matches microlensing event format used for both rogue planet and rogue black‑hole catalogs; choose Rogue Planet as the more general match.""```

**Justification**
- The snippet lists microlensing event fields (`event_id,ra_deg,dec_deg,t0_jd,tE_days,u0,chi2`) identical to those in the Rogue Planet knowledge entry.【Knowledge:157】  
- The same field pattern also appears in the Rogue Black‑Hole entry, indicating both hazards share this data format.【Knowledge:156】  
- No additional context (e.g., mass estimate) is provided to distinguish a black hole from a planet, so the more generic “Rogue Planet” hazard is selected.  
- Confidence is set to 0.6 reflecting the ambiguity between the two similar hazard cards.","True","scenario_runs_compare/20260224T085316Z/llm_only/gpt-oss-120b/ATC23__AUTO_ROGUE_BLACK_HOLE","not specified","False","{""hazard_id"":""not specified"",""label"":""not specified"",""confidence"":0.0,""evidence"":[""[Knowledge: No hazard classification data in provided context]""],""notes"":""not specified""}"
"ATC24","AUTO_WIND_GUST","hazards:Hazard_Wind_Gust","gpt-oss-120b","True","scenario_runs_compare/20260224T085316Z/simple_rag/gpt-oss-120b/ATC24__AUTO_WIND_GUST","hazards:Hazard_Wind_Gust","True","**Direct Answer**
```json
{""hazard_id"":""hazards:Hazard_Wind_Gust"",""label"":""Wind gust"",""confidence"":1.0,""evidence"":[""[Knowledge:218 hazards:Hazard_Wind_Gust ...]"",""Snippet shows wind_gust_m_s values of 26.964 m/s and 24.7 m/s at KSFO""] ,""notes"":""Matches wind gust data""}
```  

**Justification**
- The snippet lists `wind_gust_m_s` measurements (e.g., 26.964 m/s), which is the defining attribute of the **Wind gust** hazard. 【Snippet】  
- Hazard card *Hazard_Wind_Gust* explicitly describes “wind gust” with keywords and sample data containing a `wind_gust_m_s` column, matching the snippet format. 【Knowledge:218】  
- No other hazard cards in the context focus on wind speed or gust measurements; thus **Wind gust** is the top‑1 match.","True","scenario_runs_compare/20260224T085316Z/llm_only/gpt-oss-120b/ATC24__AUTO_WIND_GUST","not specified","False","{""hazard_id"":""not specified"",""label"":""not specified"",""confidence"":0.0,""evidence"":[""KSFO,2024-01-4T10:56Z,15.4,26.964,280,12.2"",""KSFO,2024-1-4T11:56Z,14.9,24.7,285,11.603""],""notes"":""hazard classification not provided""}"
"ATC25","AUTO_POWER_GRID_FAILURE_/_BLACKOUT","hazards:Hazard_Power_Grid_Failure_Blackout","gpt-oss-120b","True","scenario_runs_compare/20260224T085316Z/simple_rag/gpt-oss-120b/ATC25__AUTO_POWER_GRID_FAILURE___BLACKOUT","hazards:Hazard_Power_Grid_Failure_Blackout","True","**Direct Answer**
```json
{""hazard_id"":""hazards:Hazard_Power_Grid_Failure_Blackout"",""label"":""Power Grid Failure / Blackout"",""confidence"":0.99,""evidence"":[""[Knowledge:145 hazards:Hazard_Power_Grid_Failure_Blackout] ... Sample data: timestamp_utc,fips,customers_out,customers_total,outage_pct"",""Snippet shows timestamp_utc,fips,customers_out,customers_total,outage_pct indicating a power outage""],""notes"":""Matches power‑grid outage dataset""}
```","True","scenario_runs_compare/20260224T085316Z/llm_only/gpt-oss-120b/ATC25__AUTO_POWER_GRID_FAILURE___BLACKOUT","not specified","False","{""hazard_id"":""not specified"",""label"":""not specified"",""confidence"":0.0,""evidence"":[],""notes"":""Hazard classification not provided in context""}"
"ATC26","AUTO_EARTHQUAKE","hazards:Hazard_Earthquake","gpt-oss-120b","True","scenario_runs_compare/20260224T085316Z/simple_rag/gpt-oss-120b/ATC26__AUTO_EARTHQUAKE","hazards:Hazard_Earthquake","True","**Direct Answer**
```json
{""hazard_id"":""hazards:Hazard_Earthquake"",""label"":""Earthquake"",""confidence"":1.0,""evidence"":[""[Knowledge:52 hazards:Hazard_Earthquake Earthquake] ... Sample data: time,latitude,longitude,depth_km,mag,magType,place,event_id"",""Snippet shows columns time,latitude,longitude,depth_km,mag,magType,place,event_id with earthquake records""],""notes"":""Matches USGS earthquake catalog format""}
```","True","scenario_runs_compare/20260224T085316Z/llm_only/gpt-oss-120b/ATC26__AUTO_EARTHQUAKE","not specified","False","{""hazard_id"":""not specified"",""label"":""not specified"",""confidence"":0.0,""evidence"":[""2026-02-19T22:14:12.340Z,37.766,-122.534,8.7,2.6,ml,\""10 km WSW of San Francisco, CA\"",nc74910871""],""notes"":""no hazard classification provided""}"
"ATC27","AUTO_SUDDEN_SUBSIDENCE_(WET)","hazards:Hazard_Sudden_Subsidence_Wet","gpt-oss-120b","True","scenario_runs_compare/20260224T085316Z/simple_rag/gpt-oss-120b/ATC27__AUTO_SUDDEN_SUBSIDENCE__WET","hazards:Hazard_Sudden_Subsidence_Wet","True","**Direct Answer**
```json
{""hazard_id"":""hazards:Hazard_Sudden_Subsidence_Wet"",""label"":""Sudden Subsidence (Wet)"",""confidence"":0.99,""evidence"":[""[Knowledge:185 hazards:Hazard_Sudden_Subsidence_Wet] ... Sample data: scene_id,acquisition_start_utc,acquisition_end_utc,center_lat,center_lon,los_displacement_cm,coherence"",""SNIPPET: scene_id,acquisition_start_utc,acquisition_end_utc,center_lat,center_lon,los_displacement_cm,coherence ...""] ,""notes"":""InSAR LOS displacement time series matches the Sudden Subsidence (Wet) data schema.""}
```","True","scenario_runs_compare/20260224T085316Z/llm_only/gpt-oss-120b/ATC27__AUTO_SUDDEN_SUBSIDENCE__WET","not specified","False","{""hazard_id"":""not specified"",""label"":""not specified"",""confidence"":0.0,""evidence"":[""[Knowledge: No hazard classification provided in context]""],""notes"":""Insufficient data""}"
"ATC28","AUTO_SOIL_CONTAMINATION","hazards:Hazard_Soil_Contamination","gpt-oss-120b","True","scenario_runs_compare/20260224T085316Z/simple_rag/gpt-oss-120b/ATC28__AUTO_SOIL_CONTAMINATION","hazards:Hazard_Soil_Contamination","True","**Direct Answer**
```json
{""hazard_id"":""hazards:Hazard_Soil_Contamination"",""label"":""Soil contamination"",""confidence"":0.9,""evidence"":[""[Knowledge:168 hazards:Hazard_Soil_Contamination Soil contamination] HAZARD_ID: hazards:Hazard_Soil_Contamination LABEL: Soil contamination ... Keywords: soil contamination, heavy metals, pesticides, PFAS, hydrocarbons, industrial contamination, land degradation"",""SNIPPET: epa_id,site_name,city,state,npl_status,listing_date,latitude,longitude\nMAD980731335,Silresim Chemical Corp.,Woburn,MA,Final,1983-09-08,42.576,-71.157""] ,""notes"":""The EPA Superfund site listing indicates a contaminated location likely involving soil pollutants.""}
```

**Justification**
- The snippet lists EPA‑identified sites (Superfund/NPL) which are classic examples of **soil contamination** investigations.  
- The hazard card *Hazard_Soil_Contamination* explicitly covers “soil contamination, heavy metals, pesticides, PFAS, hydrocarbons, industrial contamination” – all relevant to the types of sites shown.【Knowledge:168】  
- No water‑specific terms (e.g., discharge, sewage) appear, making a water‑pollution hazard less appropriate.  
- The geographic coordinates and listing dates match typical Superfund site records used for soil remediation studies.","True","scenario_runs_compare/20260224T085316Z/llm_only/gpt-oss-120b/ATC28__AUTO_SOIL_CONTAMINATION","not specified","False","{""hazard_id"":""not specified"",""label"":""not specified"",""confidence"":0.0,""evidence"":[""[Knowledge:epa_id,site_name,city,state,npl_status,listing_date,latitude,longitude]""],""notes"":""Hazard classification not provided in context""}"
"ATC29","AUTO_STRUCTURAL_COLLAPSE","hazards:Hazard_Structural_Collapse","gpt-oss-120b","True","scenario_runs_compare/20260224T085316Z/simple_rag/gpt-oss-120b/ATC29__AUTO_STRUCTURAL_COLLAPSE","hazards:Hazard_Structural_Collapse","True","**Direct Answer**
```json
{""hazard_id"":""hazards:Hazard_Structural_Collapse"",""label"":""Structural Collapse"",""confidence"":0.99,""evidence"":[""[Knowledge:181 hazards:Hazard_Structural_Collapse Structural Collapse] Sample data includes incident_id,incident_date,borough,incident_type=\""Collapse\"" with descriptions of wall/scaffold failures."",""Snippet shows records: \""DOB-2120-124 ... Collapse ... Partial wall collapse during renovation\"" and \""DOB-2123-2079 ... Collapse ... Scaffold/structure collapse\""""],""notes"":""Matches building/structural failure incidents.""} 
```","True","scenario_runs_compare/20260224T085316Z/llm_only/gpt-oss-120b/ATC29__AUTO_STRUCTURAL_COLLAPSE","not specified","False","{""hazard_id"":""not specified"",""label"":""not specified"",""confidence"":0.0,""evidence"":[""[Knowledge: DOB-2120-124,2024-04-07,MANHATTAN,Collapse,Residential,2,0,\""Partial wall collapse during renovation\""]"",""[Knowledge: DOB-2123-2079,2023-11-19,BROOKLYN,Collapse,Commercial,0,1,\""Scaffold/structure collapse\""]""],""notes"":""Insufficient information to determine hazard classification""}"
"ATC30","AUTO_WAR","hazards:Hazard_War","gpt-oss-120b","True","scenario_runs_compare/20260224T085316Z/simple_rag/gpt-oss-120b/ATC30__AUTO_WAR","hazards:Hazard_War","True","**Direct Answer**
```json
{""hazard_id"":""hazards:Hazard_War"",""label"":""War"",""confidence"":0.9,""evidence"":[""[Knowledge:208 hazards:Hazard_War ... Sample data: id,date_start,date_end,country,latitude,longitude,type_of_violence,side_a,side_b,best]"",""[Knowledge:138 hazards:Hazard_One_Sided_Violence_UCDP ... Sample data: id,date_start,date_end,country,latitude,longitude,type_of_violence,side_a,side_b,best]""],""notes"":""The snippet is an event‑level conflict record (date, location, actors, fatalities) matching the UCDP war/armed‑conflict sample rows; 'War' is the most direct generic label.""}","True","scenario_runs_compare/20260224T085316Z/llm_only/gpt-oss-120b/ATC30__AUTO_WAR","not specified","False","{""hazard_id"":""not specified"",""label"":""not specified"",""confidence"":0.0,""evidence"":[],""notes"":""not specified""}"
